X,Y,objectid,oa11cd,lad11cd,st_areasha,st_lengths
-4.16514758139721,50.4205781631476,73580,E00075894,E06000026,56229.389428,1641.85462955595
-4.14765778966464,50.4218189367019,73581,E00075895,E06000026,635605.952154,4964.13514518287
-4.1452641029071,50.4185447277286,73582,E00075896,E06000026,129363.30497,1702.75602844034
-4.12385774838291,50.4097673686607,73583,E00075897,E06000026,210590.9412795,2692.89104005814
-4.15099641456894,50.4175926217324,73584,E00075898,E06000026,57872.4540725,1522.35559852898
-4.15463761664238,50.4171378277578,73585,E00075899,E06000026,96266.5218005,1622.19498485183
-4.12767989329185,50.4178724959347,73586,E00075900,E06000026,196432.0358,2466.63951530335
-4.15864683340188,50.4173601142275,73587,E00075901,E06000026,39279.7007245,1255.04958744671
-4.14891852871898,50.4175312743155,73588,E00075902,E06000026,31645.53826,1036.48417474905
-4.14648591498067,50.4148764676428,73589,E00075903,E06000026,49206.021275,1355.40792791482
-4.1399718069943,50.415592914169,73590,E00075904,E06000026,42948.4666085,1173.42224599562
-4.14840357836035,50.4155317612106,73591,E00075905,E06000026,66389.804082,2357.90884968949
-4.14391494576209,50.4160537936458,73592,E00075906,E06000026,45045.1972125,1253.29148714522
-4.13801843043044,50.4136958431605,73593,E00075907,E06000026,89747.6459,1924.35854667256
-4.14180000353972,50.4142361423322,73594,E00075908,E06000026,64888.99309,1205.60689854059
-4.13096859741057,50.4142048593223,73595,E00075910,E06000026,298559.5747,3037.10837022884
-4.13795872188924,50.4115322494015,73596,E00075911,E06000026,36664.547417,877.544151687402
-4.13376164283835,50.4112046926856,73597,E00075912,E06000026,107524.7266775,1783.12359592886
-4.12712237939869,50.4112748059569,73598,E00075913,E06000026,61351.2339975,1267.92358406947
-4.16030527696797,50.4257264187063,73599,E00075914,E06000026,147850.29806,2639.79951354024
-4.16570365479021,50.4236098286286,73600,E00075915,E06000026,100897.2789925,2063.34583939723
-4.16242543157493,50.4240464521166,73601,E00075916,E06000026,46088.93066,1523.30747374265
-4.12242954135086,50.4251547392021,73602,E00075917,E06000026,87164.69187,2295.32714048786
-4.13031012753307,50.424221953834,73603,E00075918,E06000026,194862.1999195,2585.58416537895
-4.12387934849111,50.4241347658517,73604,E00075919,E06000026,66656.174731,1282.59648500816
-4.15752724697973,50.4231119352231,73605,E00075920,E06000026,44229.1273025,913.684817893246
-4.11881195491446,50.422776446016,73606,E00075921,E06000026,158544.737683,2308.20916264295
-4.16349810770589,50.420379260705,73607,E00075922,E06000026,48148.893209,1589.23582003313
-4.15931946136264,50.4216973831452,73608,E00075923,E06000026,41636.2457605,1004.73908567773
-4.12390064720983,50.4205140339519,73609,E00075924,E06000026,252995.7951525,2946.34771946741
-4.13093772017227,50.4217243043342,73610,E00075925,E06000026,127269.78676,1999.25174682506
-4.1365163608782,50.4216680903657,73611,E00075926,E06000026,101188.9410625,1996.98498692138
-4.15667008837851,50.4209748986931,73612,E00075927,E06000026,50053.34595,1270.93868957258
-4.16289423083783,50.4211274767659,73613,E00075928,E06000026,38120.44581,1082.11757766402
-4.15366750414563,50.4209477430097,73614,E00075929,E06000026,34836.7334845,900.047172407117
-4.16150950069631,50.4220799765871,73615,E00075930,E06000026,36265.819408,1148.62075933532
-4.15905233992148,50.4199277565113,73616,E00075931,E06000026,48284.98095,1627.56959664967
-4.15404587914592,50.4190451229268,73617,E00075932,E06000026,47892.8788255,1329.03961488295
-4.13474087199561,50.4175483296821,73618,E00075933,E06000026,193618.7788915,3072.90784514788
-4.13464485531073,50.4196696726601,73619,E00075934,E06000026,59396.13717,1321.48225913027
-4.15032218788168,50.4195298882732,73620,E00075935,E06000026,68289.7745975,1931.02103384553
-4.15875677892096,50.418763333373,73621,E00075936,E06000026,34840.1712135,1244.78828363372
-4.1207266827077,50.3865646236795,73622,E00075937,E06000026,98322.016858,1724.04013726236
-4.12796882237166,50.3960020533242,73623,E00075938,E06000026,73505.9106825,1794.50027361929
-4.13154454089545,50.3951863533827,73624,E00075939,E06000026,93751.1368275,1390.59418342864
-4.11656319826643,50.3902599295438,73625,E00075940,E06000026,38957.8880105,1313.56584435616
-4.11879818456519,50.3881102989368,73626,E00075941,E06000026,52179.0125035,1427.84460915901
-4.13295440032463,50.3887444629573,73627,E00075942,E06000026,74780.9454275,1488.26951583288
-4.12719692546154,50.3877343734264,73628,E00075943,E06000026,98541.1445785,1931.89402686836
-4.12141996044765,50.3837922596755,73629,E00075944,E06000026,95294.30407,2209.54769268797
-4.12711440514339,50.3847352041825,73630,E00075945,E06000026,69837.582114,1436.84387672289
-4.12430866374534,50.3862246002543,73631,E00075946,E06000026,97086.6387525,1659.74123031097
-4.13100956664213,50.3857320680899,73632,E00075947,E06000026,60178.2909425,1343.27410321721
-4.13276629049225,50.3839561326951,73633,E00075948,E06000026,22486.57191,760.128641957936
-4.13406883942509,50.382416513805,73634,E00075949,E06000026,65770.4036265,2398.32830055313
-4.13017135330277,50.3840591938743,73635,E00075950,E06000026,23955.4626465,882.941820983604
-4.12447392027108,50.3830338372202,73636,E00075951,E06000026,28487.8618965,1102.56992291944
-4.12765950686554,50.3831123360368,73637,E00075952,E06000026,27999.9200245,1025.08286988601
-4.13154142823162,50.3831332958879,73638,E00075953,E06000026,24757.901782,818.211554158129
-4.13157476897355,50.3816802586012,73639,E00075954,E06000026,27868.221566,1263.00981328628
-4.13667075416865,50.3831528770753,73640,E00075955,E06000026,79829.2245475,1590.53365110005
-4.13364344782637,50.3992443574575,73641,E00075956,E06000026,58572.0932775,1192.94851531064
-4.12711109154868,50.3975614064951,73642,E00075957,E06000026,121873.3447565,2280.83083456174
-4.1317011380307,50.39807598998,73643,E00075958,E06000026,57547.7491775,1681.94327227002
-4.12267119089935,50.3941692774381,73644,E00075959,E06000026,134370.3071535,2091.63617147066
-4.11735244249373,50.3950960615619,73645,E00075960,E06000026,63169.8778765,1533.42914708277
-4.13215291222839,50.3919445288383,73646,E00075961,E06000026,108229.6031395,1783.07353314784
-4.12789282234198,50.3937371974694,73647,E00075962,E06000026,67503.105775,1338.29775904057
-4.11422689405004,50.3948247365687,73648,E00075963,E06000026,53489.7452115,1373.85480106337
-4.1108428270982,50.3942030568048,73649,E00075964,E06000026,65767.50825,1435.37671015865
-4.11946826647621,50.3929131129548,73650,E00075965,E06000026,56934.741707,1581.34166416859
-4.11573452700313,50.3929936223542,73651,E00075966,E06000026,52536.6048975,1376.33515614091
-4.12691636279814,50.3914102367798,73652,E00075967,E06000026,89665.005405,2144.19681147076
-4.11250889741377,50.391598124779,73653,E00075968,E06000026,42978.635508,1051.39924041253
-4.11658868979258,50.3916089675934,73654,E00075969,E06000026,48092.27854,1349.52802091087
-4.12319454159734,50.391368845718,73655,E00075970,E06000026,71079.4877765,1397.07713452297
-4.1303802372617,50.3897041576034,73656,E00075971,E06000026,83103.32425,2338.01013799393
-4.12313240185813,50.3892200065284,73657,E00075972,E06000026,42826.298919,1118.65563348317
-4.1167064030787,50.3892307295536,73658,E00075973,E06000026,29207.224375,762.509649712165
-4.12743183997247,50.389187663826,73659,E00075974,E06000026,33107.467787,1086.19592122936
-4.1203693431142,50.3903493217776,73660,E00075975,E06000026,42714.502694,1587.14247308387
-4.17747475174724,50.3796835179167,73661,E00075976,E06000026,26067.706812,939.933341756824
-4.18191859867646,50.3794534662931,73662,E00075977,E06000026,335917.386719,4350.80942855354
-4.17317178820151,50.3756336784472,73663,E00075978,E06000026,160756.3199,2382.82451273581
-4.17787035183354,50.3738738938761,73664,E00075979,E06000026,16025.4250895,543.952024514011
-4.17531878986069,50.3731981886754,73665,E00075980,E06000026,38831.411415,1244.56417630257
-4.1693869569947,50.3704390339688,73666,E00075981,E06000026,298651.0669165,3802.38684859069
-4.18105955764513,50.3692983445931,73667,E00075982,E06000026,282066.1159425,3943.91157795012
-4.17974941709673,50.3725615546496,73668,E00075983,E06000026,6731.151339,413.613813350034
-4.17357864741741,50.3718413713529,73669,E00075984,E06000026,25062.1598735,711.919675331982
-4.18169857109826,50.3738994734654,73670,E00075985,E06000026,151779.5186235,2250.81006418389
-4.17540093914016,50.3707121522757,73671,E00075986,E06000026,89928.04918,2311.28874756789
-4.17313905659947,50.3707225775012,73672,E00075987,E06000026,24038.5640645,834.863399704091
-4.17779182860333,50.3700933517077,73673,E00075988,E06000026,17432.76998,642.880045758849
-4.17615418240251,50.3697989544996,73674,E00075989,E06000026,8261.4800545,531.087646995715
-4.17388287926364,50.3682522286652,73675,E00075991,E06000026,18710.5006125,885.268196855311
-4.17060674856314,50.3663411481406,73676,E00075993,E06000026,170747.740503,2946.88360287913
-4.17797106807076,50.3663551727433,73677,E00075994,E06000026,105462.167692,2225.71332587992
-4.1813273203362,50.393626247025,73678,E00075995,E06000026,272250.68744,2893.75807041794
-4.17742654348127,50.3916339775165,73679,E00075996,E06000026,18023.49152,569.40631645876
-4.17840102035242,50.3923347104138,73680,E00075997,E06000026,31246.684998,1232.60957052278
-4.18072622881319,50.3891977612732,73681,E00075998,E06000026,55150.826837,1486.65629619848
-4.17059890900684,50.3901168224664,73682,E00075999,E06000026,56424.4483325,1057.6715132928
-4.17812701761659,50.3907360896676,73683,E00076000,E06000026,14676.98274,692.438518818297
-4.17476448182591,50.3913048079352,73684,E00076001,E06000026,95633.30745,1681.95086281029
-4.17788951720519,50.3893980804763,73685,E00076002,E06000026,16731.964572,732.495657607171
-4.16998000672166,50.3889044415855,73686,E00076003,E06000026,57345.30313,1604.94912571729
-4.17648944093716,50.3898692319682,73687,E00076004,E06000026,30236.616117,926.672627328455
-4.17317928985036,50.3882077714591,73688,E00076005,E06000026,45409.382053,1497.53729283872
-4.17336078119871,50.3869483996119,73689,E00076006,E06000026,17422.5264925,740.435350262369
-4.17459890758787,50.3870174613079,73690,E00076007,E06000026,15774.2068485,542.031536787919
-4.1759337785372,50.3869390469783,73691,E00076008,E06000026,16576.932808,581.987434487517
-4.17621646431339,50.386029638866,73692,E00076009,E06000026,19276.9363,1057.14659791886
-4.17654125568098,50.3851244853745,73693,E00076010,E06000026,22637.770246,768.371747877749
-4.17437324649045,50.3855998751721,73694,E00076011,E06000026,17712.0876045,856.302809769572
-4.17459937088037,50.3841686965802,73695,E00076012,E06000026,24707.401654,932.643890186921
-4.18420566858888,50.3875037224392,73696,E00076013,E06000026,733294.17434,6967.06858743274
-4.17886171623909,50.3827138204103,73697,E00076014,E06000026,47523.1591345,1156.03845517928
-4.17502137996973,50.382682315829,73698,E00076015,E06000026,38840.283006,1061.96347420562
-4.17805749783127,50.3817214088835,73699,E00076016,E06000026,22945.6875265,1055.68168406014
-4.17164322327382,50.3817104527388,73700,E00076017,E06000026,27279.8291405,892.001947916688
-4.17654489095809,50.381086154169,73701,E00076018,E06000026,38313.8948845,953.410619438942
-4.17360196308956,50.3808975322568,73702,E00076019,E06000026,30657.5934475,792.549596723047
-4.17129206665732,50.3802952014792,73703,E00076020,E06000026,22252.0469425,643.892824515277
-4.17286039615849,50.3794761793907,73704,E00076021,E06000026,31960.2259725,1142.90300731303
-4.17396836051621,50.3781609708923,73705,E00076022,E06000026,25855.96791,1015.28867622643
-4.17876318351255,50.3793465430544,73706,E00076023,E06000026,26753.39976,832.918291104197
-4.17554761203381,50.3792395609091,73707,E00076024,E06000026,30944.6582335,1130.82463911325
-4.17819951354553,50.3754006444258,73708,E00076025,E06000026,54665.09804,1382.5764525771
-4.17561068629424,50.3748510583402,73709,E00076026,E06000026,30807.11195,913.531583650463
-4.13411128713174,50.3770701013826,73710,E00076027,E06000026,16908.91198,940.311115534384
-4.13296983638755,50.3760907240406,73711,E00076028,E06000026,19560.8636965,1004.58709089061
-4.13332604402124,50.3743820540667,73712,E00076029,E06000026,28320.661587,1391.94148161709
-4.14148359490903,50.3817171984352,73713,E00076030,E06000026,36716.3153095,1171.48562556337
-4.14156820923367,50.3795366916125,73714,E00076031,E06000026,37757.1788635,966.829790564533
-4.14362362150666,50.3790494960366,73715,E00076032,E06000026,57622.18526,1772.81563319063
-4.13818965898064,50.3795673424598,73716,E00076033,E06000026,31030.265045,1037.48402929137
-4.13774570671852,50.3807997487443,73717,E00076034,E06000026,37830.0577745,1323.45568458868
-4.13303721622406,50.379354394191,73718,E00076035,E06000026,23787.8442785,792.925989899702
-4.14043824286017,50.378273896944,73719,E00076036,E06000026,31551.39529,1178.56943588153
-4.13225448415145,50.3786306707081,73720,E00076037,E06000026,12588.47925,725.179728024179
-4.13649377870583,50.3781337460749,73721,E00076038,E06000026,47812.5221305,1440.63684077308
-4.1328174382644,50.3781799110283,73722,E00076039,E06000026,13630.8596055,777.430075382165
-4.1344372592692,50.3778053104378,73723,E00076040,E06000026,18584.4489405,657.27085202124
-4.13815377506903,50.3779852061058,73724,E00076041,E06000026,20591.697029,754.313552544678
-4.13024582020452,50.3763900831227,73725,E00076042,E06000026,20077.746534,754.2088010931
-4.13145681646833,50.3773830574784,73726,E00076043,E06000026,16129.4663645,658.973729914182
-4.13834252436921,50.3753563753574,73727,E00076044,E06000026,138047.2746245,2608.20096826369
-4.12883777548024,50.3767626652217,73728,E00076045,E06000026,41279.6049395,1221.88986862752
-4.13286103277977,50.3752342414555,73729,E00076047,E06000026,12575.6918655,572.452351873822
-4.13124156421199,50.3754983171733,73730,E00076048,E06000026,25907.4416455,1111.40735675784
-4.13782894579772,50.382125678906,73731,E00076050,E06000026,21478.8142545,1068.03246725205
-4.13970343954204,50.3817902004738,73732,E00076051,E06000026,28415.56121,754.64505702428
-4.1349911187244,50.380015977283,73733,E00076052,E06000026,24362.82839,732.877483486978
-4.09797253417846,50.3865280923815,73734,E00076053,E06000026,53587.8681185,1197.55538165731
-4.10700852543479,50.3819063615802,73735,E00076054,E06000026,338110.435347,6008.1659940553
-4.10929745843289,50.3913823095432,73736,E00076055,E06000026,222207.33883,3061.31389698512
-4.09690814308899,50.3889386151953,73737,E00076056,E06000026,46380.269719,975.957816642307
-4.10940598133229,50.3875556098105,73738,E00076057,E06000026,54888.1168645,1379.804064685
-4.08919618785965,50.3887599491336,73739,E00076058,E06000026,311964.5808095,3488.80903871973
-4.09710263143373,50.3856002400551,73740,E00076059,E06000026,77081.982319,2285.18477255782
-4.11081781816669,50.3853193096815,73741,E00076060,E06000026,54770.619547,1492.17839302488
-4.11319475178678,50.3867985399117,73742,E00076061,E06000026,40070.0343615,1300.61434173139
-4.10713082113578,50.3863618907037,73743,E00076062,E06000026,48401.5146475,1107.62400028981
-4.10216932093376,50.3857224356287,73744,E00076063,E06000026,55581.9045205,1608.28192963364
-4.10761790904406,50.3846315822536,73745,E00076064,E06000026,36195.757632,1100.85130006753
-4.10466457496416,50.3862176063637,73746,E00076065,E06000026,41353.335459,1092.34678142009
-4.11739578754363,50.3818895233143,73747,E00076066,E06000026,68952.3390475,1492.75004191257
-4.11112450055106,50.3839527541377,73748,E00076067,E06000026,24708.06186,785.518227839561
-4.11420874689765,50.3846684005328,73749,E00076068,E06000026,51233.83833,1273.84879246571
-4.10285451567833,50.3837773436396,73750,E00076069,E06000026,44726.7023015,1294.40870324771
-4.10602857830475,50.3837543316203,73751,E00076070,E06000026,33530.2022635,1291.55463334838
-4.10954707481515,50.3831466756034,73752,E00076071,E06000026,47496.9774655,1422.35657390142
-4.11440945029789,50.3828459353154,73753,E00076072,E06000026,38456.2227505,1051.93132892149
-4.12263326774844,50.3819436144137,73754,E00076073,E06000026,36101.871355,1076.24315511751
-4.1209896622145,50.3808570673859,73755,E00076074,E06000026,32367.6710615,1554.84493946863
-4.12868730970198,50.381786063081,73756,E00076075,E06000026,39858.3778155,951.822291021493
-4.12454750344708,50.3812017809791,73757,E00076076,E06000026,44306.6414095,1171.94752274414
-4.13131662029949,50.3808129864975,73758,E00076077,E06000026,26831.1941035,881.698385256214
-4.12750338757939,50.380482127147,73759,E00076078,E06000026,28588.40283,1238.23547736528
-4.11586004771708,50.3800156337105,73760,E00076079,E06000026,29835.4248855,1432.78400023675
-4.12082873587657,50.3797713550876,73761,E00076080,E06000026,21587.2279325,650.671585518533
-4.13014056602157,50.3797577482018,73762,E00076081,E06000026,33215.132206,1025.69395852965
-4.12551089832406,50.3802125406171,73763,E00076082,E06000026,31217.834416,1108.55791437259
-4.12677270373354,50.3791218241066,73764,E00076083,E06000026,32990.3097915,1016.97625888733
-4.10027055344669,50.3946315793788,73765,E00076084,E06000026,130574.0977265,1874.99176133117
-4.10590454402555,50.3937164287567,73766,E00076085,E06000026,69311.117448,1479.44923929571
-4.10171287491916,50.3927588117069,73767,E00076086,E06000026,39600.2766715,1084.97558118419
-4.09476523536356,50.3912228431592,73768,E00076087,E06000026,236047.0660425,2213.62123261771
-4.09848124049447,50.3926553599894,73769,E00076088,E06000026,102112.9061565,2153.9276596612
-4.10329605618558,50.3903746296969,73770,E00076089,E06000026,51554.9650685,1380.27950899149
-4.10353058463713,50.3885003533086,73771,E00076090,E06000026,90578.0427425,2109.14354068662
-4.10720377765336,50.3892131722914,73772,E00076091,E06000026,70712.5789025,1884.9318295248
-4.10026762164179,50.3890507848083,73773,E00076092,E06000026,39096.3483615,1136.12090632777
-4.11142414374897,50.3883220654544,73774,E00076093,E06000026,40120.6366105,1288.03440569128
-4.11473969130315,50.3880437704669,73775,E00076094,E06000026,44453.1454555,1421.50327839526
-4.11608601660295,50.3867810415849,73776,E00076095,E06000026,39266.7437275,1053.46326659482
-4.09836347773219,50.3876263478893,73777,E00076096,E06000026,54828.8407525,1250.46993191866
-4.11735129810453,50.3848385724011,73778,E00076097,E06000026,69184.5919955,1379.49995675765
-4.11917915787294,50.3992635312547,73779,E00076099,E06000026,300586.4934465,4058.38787670756
-4.11837789259834,50.3976137465885,73780,E00076100,E06000026,40054.128559,1495.67057425912
-4.1379444333657,50.4088603776519,73781,E00076101,E06000026,36351.8701245,1044.8714219928
-4.12882031097013,50.4015836667069,73782,E00076102,E06000026,142399.23443,1785.40139767849
-4.11514533967415,50.4025497324767,73783,E00076103,E06000026,49054.8611795,1300.39969430573
-4.10174795448895,50.3988541983138,73784,E00076104,E06000026,91323.0085745,1741.27340581263
-4.1233146173056,50.4016744200039,73785,E00076105,E06000026,47420.640085,1422.18025207728
-4.12563599763884,50.3993220982132,73786,E00076106,E06000026,65276.2937865,1127.59667823755
-4.10550127878345,50.4000600775786,73787,E00076107,E06000026,121197.5062045,2026.28327651753
-4.11076064882348,50.4013368096863,73788,E00076108,E06000026,81800.182425,2010.39450694744
-4.09975859432539,50.396998852226,73789,E00076109,E06000026,104663.7430155,1946.12528060194
-4.10927439982361,50.3990836408694,73790,E00076110,E06000026,64448.33521,1500.32475180967
-4.11368954144446,50.400035483214,73791,E00076111,E06000026,102614.9003965,2472.74553099901
-4.1078178432071,50.3970030793558,73792,E00076112,E06000026,50032.48414,1086.69694756929
-4.1045450376666,50.3963226975041,73793,E00076113,E06000026,74327.33809,1462.31589031595
-4.12133389193122,50.3975399578346,73794,E00076114,E06000026,42566.6459605,1328.98211891275
-4.11808886389338,50.3968002019647,73795,E00076115,E06000026,59702.930562,1586.51692793187
-4.11186689600185,50.3971160058004,73796,E00076116,E06000026,48591.2070545,1298.99082094618
-4.10895028892001,50.3955239674114,73797,E00076117,E06000026,55832.2108365,1238.04923722759
-4.1390647303085,50.4104238208173,73798,E00076118,E06000026,45899.04126,1299.79155995338
-4.140179608539,50.4090302064192,73799,E00076119,E06000026,43387.491794,1108.66934225035
-4.13559545026761,50.4080852923182,73800,E00076120,E06000026,84218.44189,1657.53705740274
-4.14882126817245,50.405102225261,73801,E00076122,E06000026,47926.751834,1267.97174557297
-4.13079097731719,50.4069555506605,73802,E00076123,E06000026,62543.2246805,1883.71654679023
-4.13940764954781,50.4039151753127,73803,E00076124,E06000026,179455.7943685,2398.68492109537
-4.12398430080366,50.4056493022759,73804,E00076125,E06000026,57773.5327975,1311.9305610577
-4.12985717874827,50.4052148126562,73805,E00076126,E06000026,76435.2364355,1444.83772669802
-4.12539414271752,50.4041318230379,73806,E00076127,E06000026,63316.3813165,1134.93358760184
-4.10406619662503,50.4034043414643,73807,E00076128,E06000026,114384.87123,2679.28149746543
-4.13434476344377,50.4055019374032,73808,E00076129,E06000026,96934.9899185,1833.59302970977
-4.11975298243734,50.404763052705,73809,E00076130,E06000026,62908.8999455,1854.84179690368
-4.11643407487356,50.4040386723745,73810,E00076131,E06000026,48562.881774,1112.70294834649
-4.14748562912813,50.405641243708,73811,E00076132,E06000026,98658.4133035,2708.88454521339
-4.14710598727594,50.4032675114659,73812,E00076133,E06000026,62413.7377335,1692.43795603504
-4.11166280799341,50.4032421039075,73813,E00076134,E06000026,80276.407923,1318.62837642048
-4.10507148385075,50.403513332128,73814,E00076135,E06000026,50033.2186215,1365.77660548244
-4.13274516782749,50.4025363434455,73815,E00076136,E06000026,131796.92761,2113.79259732974
-4.1212527977852,50.4036167407193,73816,E00076137,E06000026,44414.982738,1235.46735260488
-4.12279108512781,50.4025356489263,73817,E00076138,E06000026,51734.3790245,1221.64101632975
-4.13839452841772,50.4018150933541,73818,E00076139,E06000026,87460.4609175,1396.35106742392
-4.16555615808671,50.4033513455285,73819,E00076140,E06000026,415436.22865,3389.17208402152
-4.14653412578828,50.4005417566762,73820,E00076141,E06000026,45702.2929395,1523.33447434468
-4.16126974437182,50.3901625364677,73821,E00076142,E06000026,52407.639349,1589.80838605824
-4.16698196858872,50.3907947792424,73822,E00076143,E06000026,41984.0646455,1491.35520101431
-4.16137496676842,50.3884878792204,73823,E00076144,E06000026,40677.259502,1062.67125093859
-4.16387330316347,50.3884263372991,73824,E00076145,E06000026,58691.4056775,1338.18180815896
-4.174541790951,50.4001053263758,73825,E00076146,E06000026,107235.0751235,1622.37502247117
-4.17631629406252,50.4012556335775,73826,E00076147,E06000026,46309.7496875,919.004128017676
-4.1782118781352,50.3989607745765,73827,E00076148,E06000026,26062.564396,983.662378131131
-4.17888078359863,50.4004880007241,73828,E00076149,E06000026,37653.0608845,877.647529652567
-4.14949879532711,50.4018830691944,73829,E00076150,E06000026,79447.6931445,1607.07790411856
-4.157991850222,50.4015740403598,73830,E00076151,E06000026,358540.329693,3933.9374268223
-4.14416412919461,50.4017307828809,73831,E00076152,E06000026,54197.395876,1347.61942406008
-4.16596972768892,50.3988778752172,73832,E00076153,E06000026,96448.111545,1796.30398370696
-4.18185786241152,50.3984874487264,73833,E00076154,E06000026,54686.4810545,1474.98189739111
-4.1502722123013,50.400359427495,73834,E00076155,E06000026,50567.0682725,1880.15279144382
-4.15646288427377,50.3993943952596,73835,E00076156,E06000026,59463.02914,1384.0917261129
-4.14481438249952,50.3991545100232,73836,E00076157,E06000026,71121.94798,1471.32278242198
-4.16221158245641,50.3986601019474,73837,E00076158,E06000026,77411.339575,1725.47295435772
-4.17999803798592,50.3983295494462,73838,E00076159,E06000026,24670.0783435,858.196465403368
-4.17957724621687,50.3971196016404,73839,E00076160,E06000026,56454.3570335,1420.96354126924
-4.15558699992634,50.3982139714427,73840,E00076161,E06000026,62381.863895,1679.46112938485
-4.16845042845235,50.3976988141686,73841,E00076162,E06000026,48253.0651515,997.869044969964
-4.16167103529274,50.3973615853507,73842,E00076163,E06000026,63962.684852,1223.18247313404
-4.15674501062018,50.3964391559773,73843,E00076164,E06000026,61313.297849,1197.36239967652
-4.14098885717778,50.3991485331764,73844,E00076165,E06000026,167499.0655445,2212.11398054306
-4.15084835539306,50.3973866741457,73845,E00076166,E06000026,170205.0841835,2793.79826299395
-4.17266222618653,50.3972090123126,73846,E00076167,E06000026,242784.3606585,2709.23908154267
-4.16058779278763,50.3960319897174,73847,E00076168,E06000026,40941.2251655,1130.35144123278
-4.16618256364882,50.3944318011434,73848,E00076169,E06000026,56213.6607595,1534.19939891083
-4.16958839980995,50.3944895255386,73849,E00076170,E06000026,38119.4571555,1377.08091631177
-4.16054027109153,50.3944317478227,73850,E00076171,E06000026,33354.149394,867.214165394218
-4.17661886964089,50.3954106674314,73851,E00076172,E06000026,42316.9011655,864.364751148951
-4.16657782879629,50.3959089743631,73852,E00076173,E06000026,58402.33659,1339.38497632711
-4.15858438081429,50.3942822489656,73853,E00076174,E06000026,69651.140539,1631.436528212
-4.17431034159755,50.3932281049029,73854,E00076175,E06000026,35441.905177,1051.17850271684
-4.17307754672462,50.3941128865099,73855,E00076176,E06000026,32340.420709,897.93441994548
-4.16247972605287,50.3934499562653,73856,E00076177,E06000026,32207.7907165,849.900257292149
-4.16416043320832,50.3940401154563,73857,E00076178,E06000026,42096.340386,1493.96601939621
-4.17119253521147,50.3928172271319,73858,E00076179,E06000026,38313.52619,1318.20621369412
-4.16952869741331,50.3920201075814,73859,E00076180,E06000026,43478.5865,1080.28096824244
-4.16252919671432,50.3916070450623,73860,E00076181,E06000026,50025.9817335,1133.10028570436
-4.16490655704816,50.3913432140722,73861,E00076182,E06000026,46625.4899555,1311.91075869802
-4.16741051902686,50.3918883629101,73862,E00076183,E06000026,30125.33573,1055.08560497302
-4.17543610431552,50.4128563747132,73863,E00076184,E06000026,151374.1124615,1812.02319471971
-4.14894946544943,50.4107701116175,73864,E00076185,E06000026,40882.4456475,1336.04714230322
-4.15056541033563,50.4077146753983,73865,E00076186,E06000026,59060.6900755,1252.71278309531
-4.17013053927039,50.411464797226,73866,E00076187,E06000026,99182.4809945,1914.40537714958
-4.15879519001513,50.4116440445395,73867,E00076188,E06000026,40530.19847,1063.14039093792
-4.16415861330343,50.4121213450673,73868,E00076189,E06000026,43024.603899,1137.70602939479
-4.16126632804718,50.4112272169982,73869,E00076190,E06000026,58690.2831345,1636.9152743665
-4.14537495109446,50.412082541931,73870,E00076191,E06000026,35209.3599,1322.82743852338
-4.15489841164304,50.4135814610936,73871,E00076192,E06000026,93650.4687525,1762.52338495233
-4.16429049640701,50.410470729591,73872,E00076193,E06000026,52538.447226,1244.82178854812
-4.15400838776238,50.4103845904092,73873,E00076194,E06000026,127691.75661,2164.35635474841
-4.14652794506092,50.4109708490572,73874,E00076195,E06000026,27471.8411135,1372.2472243094
-4.14300144964691,50.4110601229258,73875,E00076196,E06000026,43083.8895185,941.741341427465
-4.1666144000191,50.409641833877,73876,E00076197,E06000026,54643.4678435,1075.23799105451
-4.16250218085843,50.4088679699294,73877,E00076198,E06000026,53252.5140355,1548.11740786437
-4.14730629873729,50.4090987903801,73878,E00076199,E06000026,47733.741232,1751.80133420959
-4.15785320995102,50.4091577792223,73879,E00076200,E06000026,75461.12579,1666.99702607486
-4.16065350343108,50.4076531655079,73880,E00076201,E06000026,77549.415207,1420.53177501192
-4.15381606232337,50.4079025198985,73881,E00076202,E06000026,61077.816326,1626.94146408302
-4.15519396457826,50.4067862247804,73882,E00076203,E06000026,55112.57521,1565.47782745173
-4.1567505843921,50.4050965797862,73883,E00076204,E06000026,86205.383463,1953.78250638469
-4.15389121573166,50.4057523029782,73884,E00076205,E06000026,43725.336642,1195.29681214447
-4.15222891647445,50.4041132013032,73885,E00076206,E06000026,40755.7487,1070.00844113831
-4.18855485079764,50.4117667567607,73886,E00076207,E06000026,1009968.792033,5882.79924131762
-4.17580127117171,50.4202974972382,73887,E00076208,E06000026,114369.37868,2385.81491638641
-4.18117354476881,50.4214856609606,73888,E00076209,E06000026,37368.8633175,1140.72705988117
-4.16456634294778,50.4163096970601,73889,E00076210,E06000026,239782.15927,2295.38176001236
-4.18883103222451,50.4192535311453,73890,E00076211,E06000026,795009.75068,7422.75277308762
-4.181194265246,50.4201132279413,73891,E00076212,E06000026,41200.1758245,961.467448291536
-4.17226191091491,50.4208691622471,73892,E00076213,E06000026,83445.2472365,2040.97665004274
-4.16905330968042,50.4196714188638,73893,E00076214,E06000026,116082.0332685,2020.24297815821
-4.181513426175,50.4190597431226,73894,E00076215,E06000026,49886.6878485,1942.30193745509
-4.18443002128838,50.4174164076536,73895,E00076216,E06000026,163333.083125,2617.63966968077
-4.17392571761453,50.4177877590681,73896,E00076217,E06000026,58286.5736485,1047.70954736582
-4.17967145134431,50.4173611991535,73897,E00076218,E06000026,40285.3867255,925.792216896354
-4.17053620838907,50.416915529141,73898,E00076219,E06000026,128300.8257315,1904.40951859176
-4.17739898865648,50.4168239717471,73899,E00076220,E06000026,39504.4423335,1088.48403150214
-4.1476942284064,50.4135111821863,73900,E00076221,E06000026,163807.6999925,3032.27164206175
-4.17212646960412,50.4147303583371,73901,E00076222,E06000026,46193.342637,1147.18398213994
-4.16862248204847,50.4148227099773,73902,E00076223,E06000026,31091.9105215,795.749035627778
-4.15890717265944,50.4154110881078,73903,E00076224,E06000026,117237.545503,1930.39778905497
-4.16953720168808,50.4135256426987,73904,E00076225,E06000026,38963.272872,1320.18018944503
-4.15083857449179,50.4120470426268,73905,E00076226,E06000026,96600.959295,2063.63260868757
-4.15934042231323,50.4138355364606,73906,E00076227,E06000026,26679.86228,808.503632628212
-4.16463837385858,50.4132900051502,73907,E00076228,E06000026,17498.9160915,729.398003195332
-4.16153853626902,50.4131554842525,73908,E00076229,E06000026,41735.024857,1343.51873937199
-4.16774308793785,50.4124604400366,73909,E00076230,E06000026,42882.7650525,1488.48683677087
-4.10644616726261,50.4269680980792,73910,E00076231,E06000026,120343.810024,2128.18353910085
-4.09961993561497,50.4148877942252,73911,E00076233,E06000026,77353.8999165,1520.07310622826
-4.09598073202682,50.4155069462797,73912,E00076234,E06000026,26153.7454655,800.348910828458
-4.10323948781897,50.41400780775,73913,E00076235,E06000026,43634.899031,957.823048423601
-4.09379861090261,50.4165651705803,73914,E00076236,E06000026,214027.746409,2633.36430606685
-4.08992496877427,50.4115253733291,73915,E00076237,E06000026,85847.5978495,1576.17672156885
-4.10400117367075,50.4108767067899,73916,E00076238,E06000026,54979.8339715,1616.24946645059
-4.10221850932117,50.409147368507,73917,E00076239,E06000026,35347.15223,1116.42191737116
-4.10193274775753,50.4069992670124,73918,E00076240,E06000026,70378.6338565,1821.47714230492
-4.09402701772859,50.3992525806237,73919,E00076241,E06000026,43502.5079585,1428.18204878254
-4.10955203640568,50.4330254843393,73920,E00076242,E06000026,235111.542347,3283.0287664912
-4.10502474747001,50.4292643125432,73921,E00076243,E06000026,159608.4651475,2609.29951094046
-4.10010219429521,50.4212041347304,73922,E00076246,E06000026,304220.41006,2853.62631967319
-4.10544097640477,50.4182937859311,73923,E00076248,E06000026,100776.107892,1778.32609156714
-4.10018420064667,50.4175257610137,73924,E00076249,E06000026,97366.1294505,2410.833421651
-4.09793343791028,50.4175452157845,73925,E00076250,E06000026,77389.8126955,2007.11613136609
-4.10808873992946,50.4142039504435,73926,E00076251,E06000026,300734.41304,3327.62807453162
-4.08357188974617,50.4134508565434,73927,E00076252,E06000026,693180.86008,4135.48939334903
-4.09092358946674,50.4139409886179,73928,E00076253,E06000026,95883.3386745,1773.18519901038
-4.09640005890113,50.4133178235137,73929,E00076254,E06000026,34854.71093,861.34641208973
-4.10189618953651,50.4127589898821,73930,E00076255,E06000026,51197.54491,1153.869660602
-4.09914259391826,50.4108525574747,73931,E00076256,E06000026,181120.7732,2407.54052322639
-4.09540981402429,50.408934484015,73932,E00076257,E06000026,119492.51602,2152.30622636717
-4.09184508965045,50.4108211369259,73933,E00076258,E06000026,59228.35814,2062.80899297131
-4.11123964120378,50.408599843386,73934,E00076259,E06000026,603990.3051465,4597.36459156825
-4.08945103777096,50.4081684110399,73935,E00076260,E06000026,198797.2147725,2494.17261806322
-4.09758827211565,50.4067077426694,73936,E00076261,E06000026,79387.6210215,1495.982799536
-4.09167100891344,50.4062989797701,73937,E00076262,E06000026,77368.18428,1744.59447176398
-4.09861704135806,50.404399566255,73938,E00076263,E06000026,48027.6073795,1176.43570606975
-4.09209449969506,50.4046194453789,73939,E00076264,E06000026,43265.6857385,1424.44935159536
-4.09526979501798,50.4048351135923,73940,E00076265,E06000026,70635.056051,1189.43367251592
-4.09037261212288,50.4025486648813,73941,E00076266,E06000026,223369.7813265,2085.05919473619
-4.09274278100365,50.3976973799888,73942,E00076267,E06000026,788534.128441,6267.62812006678
-4.0967997766985,50.4017175019928,73943,E00076268,E06000026,40137.4007255,1278.08643454813
-4.09543456493932,50.4016676849018,73944,E00076269,E06000026,60572.18745,1995.71658721639
-4.14014555572677,50.3927021662365,73945,E00076270,E06000026,35568.207789,836.981441776303
-4.14377495300251,50.3941018023123,73946,E00076271,E06000026,20070.7607615,565.467188655605
-4.14928491223501,50.3928965111743,73947,E00076272,E06000026,130739.5826555,2955.0488931893
-4.13957308388674,50.3937419637037,73948,E00076273,E06000026,73976.656273,1744.19684136739
-4.14485838878664,50.394913053609,73949,E00076274,E06000026,52367.924547,1803.39287631329
-4.13761816242871,50.395826636034,73950,E00076275,E06000026,66885.5030785,1565.96409556421
-4.15083378583489,50.3941031606731,73951,E00076276,E06000026,27422.80628,1172.43736776391
-4.14316393513033,50.3930246995806,73952,E00076277,E06000026,24223.51449,706.278650638649
-4.15620579031514,50.3931071125067,73953,E00076278,E06000026,39048.687,1042.06700899404
-4.14978231609643,50.3932017515577,73954,E00076279,E06000026,24259.3284365,826.545418592277
-4.13524618411892,50.3931780980949,73955,E00076280,E06000026,51455.99987,1349.41464036537
-4.14236475925773,50.3920664376644,73956,E00076281,E06000026,22667.132062,685.765395468946
-4.13862964710621,50.3902249699927,73957,E00076282,E06000026,39453.6641365,1487.30878684053
-4.15450872563882,50.3911876141028,73958,E00076283,E06000026,35867.35623,789.847962128432
-4.14887139038603,50.3890559018478,73959,E00076284,E06000026,478283.0352105,3370.77845141509
-4.13638097262041,50.3907382496289,73960,E00076285,E06000026,55198.41802,1547.38979806611
-4.15764771856321,50.3920140793574,73961,E00076286,E06000026,41243.78795,1287.87363164359
-4.14084999588678,50.3912178273084,73962,E00076287,E06000026,24468.225638,853.194883125092
-4.15855169104653,50.3908805673973,73963,E00076288,E06000026,41341.183138,1311.29052733708
-4.13721121905129,50.3891628092687,73964,E00076289,E06000026,23578.4841775,749.337849136097
-4.15632747815093,50.389526647187,73965,E00076290,E06000026,44234.9090595,1056.33365266519
-4.14093984556161,50.3902817740667,73966,E00076291,E06000026,27908.18813,862.682426538159
-4.1589028672454,50.3886020727399,73967,E00076292,E06000026,46038.150891,1287.4699772329
-4.14252544500074,50.3882684675707,73968,E00076293,E06000026,23613.9350935,717.483768250709
-4.13876228575146,50.3884172272524,73969,E00076294,E06000026,22654.1654455,986.416710404012
-4.13689757075744,50.3877297341665,73970,E00076295,E06000026,39444.88321,1581.98056693519
-4.15721774402423,50.3866598172405,73971,E00076296,E06000026,60367.905099,1804.23884557255
-4.14137200948928,50.387574965613,73972,E00076297,E06000026,24574.8565015,705.459493786426
-4.14031883753944,50.3873224075334,73973,E00076298,E06000026,28709.735805,1136.45989250299
-4.14883338347558,50.3834817252168,73974,E00076299,E06000026,560045.1803925,5017.12541529385
-4.13691479448801,50.3858100214545,73975,E00076300,E06000026,32499.982496,1312.52449359301
-4.14017124952411,50.3859921743948,73976,E00076301,E06000026,27052.94073,755.63881217395
-4.14458117152856,50.3862100263731,73977,E00076302,E06000026,19150.718172,755.467755612468
-4.14226761241995,50.3836635101871,73978,E00076303,E06000026,100026.569266,1757.26432394807
-4.13427634605175,50.3868422569867,73979,E00076304,E06000026,51333.71135,1614.12445057191
-4.13489490119532,50.3854783020958,73980,E00076305,E06000026,38087.5855455,1041.39388261098
-4.13951617934037,50.3849244549806,73981,E00076306,E06000026,31153.395896,776.230641430395
-4.13825032300144,50.3977257802712,73982,E00076307,E06000026,136578.8297965,2066.72114149498
-4.1478225810762,50.3960092928001,73983,E00076308,E06000026,43000.6253535,1336.32486278898
-4.15021450165425,50.396074886582,73984,E00076309,E06000026,47883.7882705,1158.24737403778
-4.14351521953659,50.3961805374407,73985,E00076310,E06000026,29174.9675045,773.64423450074
-4.13525526293441,50.3954130341112,73986,E00076311,E06000026,79865.2275845,1937.39250657981
-4.15418231515112,50.3934572303925,73987,E00076312,E06000026,50604.403758,1067.94682931465
-4.1475723765434,50.394967821296,73988,E00076313,E06000026,27430.8371905,1186.85796977676
-4.02915325388883,50.3924266684356,73989,E00076314,E06000026,65310.82002,1982.32043818341
-4.03246611575726,50.3884772550181,73990,E00076315,E06000026,60844.7990155,1839.98868128897
-4.03006703107649,50.3882256925408,73991,E00076316,E06000026,36541.329918,1025.36620029326
-4.02159351319121,50.3881480340127,73992,E00076317,E06000026,29805.18093,1020.05350597097
-4.03214275978878,50.3865348739206,73993,E00076318,E06000026,52414.292944,1421.52940432794
-4.02644107405098,50.3849514751542,73994,E00076319,E06000026,51908.3611365,1538.7401647261
-4.02835264129048,50.3832961305395,73995,E00076320,E06000026,111966.990296,2258.1633783776
-4.03206038374215,50.3920631710185,73996,E00076321,E06000026,52824.9118595,1245.98845439911
-4.02863197956606,50.3900028592679,73997,E00076322,E06000026,65122.287554,1517.40479047796
-4.02279525917469,50.3911203830471,73998,E00076323,E06000026,33177.221095,1007.48699361588
-4.0260255045618,50.3904495226751,73999,E00076324,E06000026,45473.05703,1277.84362044805
-4.04273571335044,50.3886318956666,74000,E00076325,E06000026,81051.8068665,1564.22986527394
-4.04204057479496,50.3900512914488,74001,E00076326,E06000026,71827.272368,1643.28247874547
-4.03303415867049,50.3903104154908,74002,E00076327,E06000026,55823.8183245,1605.60188872774
-4.03818522070711,50.3895205515522,74003,E00076328,E06000026,61014.5201565,1427.4132131698
-4.02255968048882,50.3896680009322,74004,E00076329,E06000026,28444.1299015,780.315799030403
-4.02508027124019,50.3894432472084,74005,E00076330,E06000026,28700.3238825,1382.03675081301
-4.03529725162324,50.3899773792769,74006,E00076331,E06000026,57624.15064,1496.59632028337
-4.03721901552734,50.3874831086141,74007,E00076332,E06000026,63559.7672245,1146.81903203657
-4.02301032470204,50.3868940742855,74008,E00076333,E06000026,68380.202072,1662.55126205536
-4.02574390533088,50.3871531591389,74009,E00076334,E06000026,62751.8004335,1859.33607838718
-4.03456198591812,50.3848732868454,74010,E00076335,E06000026,103720.3038165,1915.81043564799
-4.03915589498245,50.3863554488991,74011,E00076336,E06000026,50886.5370745,1163.45912477306
-4.02844776719547,50.3868395133168,74012,E00076337,E06000026,51193.31786,1238.0417261025
-4.04113281027195,50.3848435645018,74013,E00076338,E06000026,104123.6212535,1486.47491369084
-4.03044813778527,50.3850255477871,74014,E00076339,E06000026,44900.057287,1241.57747542586
-4.03578552301785,50.3816541885087,74015,E00076340,E06000026,85893.6881655,1776.90212040355
-4.02855537885688,50.3809405058302,74016,E00076341,E06000026,27717.7707755,1500.01513361371
-4.06060912928185,50.3875022661738,74017,E00076343,E06000026,158017.370679,1966.5946048991
-4.07428049205659,50.3828067654386,74018,E00076344,E06000026,184217.9640955,2182.33352747377
-4.05325611631492,50.3815904255954,74019,E00076345,E06000026,295602.3959065,3661.97167031828
-4.06878268977194,50.3884836990369,74020,E00076346,E06000026,270292.5671605,2656.06663139171
-4.05611740191786,50.3872084389733,74021,E00076347,E06000026,69131.7160565,1419.14737382763
-4.072075005985,50.3869983379863,74022,E00076348,E06000026,49168.6893,1087.92069817158
-4.05322086010115,50.3854674474508,74023,E00076349,E06000026,90439.0879,1772.40575067592
-4.06473659961696,50.3860172210779,74024,E00076350,E06000026,49591.9610705,1554.35125125487
-4.07844855409408,50.3883754389715,74025,E00076351,E06000026,474831.2635985,3202.26135061878
-4.04608085152283,50.3833629460142,74026,E00076352,E06000026,175252.727724,3180.91344582302
-4.06727146898386,50.3836845087713,74027,E00076353,E06000026,100283.3527275,1608.71192812262
-4.05997357321724,50.3845943291916,74028,E00076354,E06000026,74412.6235505,1629.45166431878
-4.04987378520445,50.3857823687118,74029,E00076355,E06000026,143782.1134145,2557.92168142305
-4.07038893625352,50.3838835177134,74030,E00076356,E06000026,121561.749756,1734.34756439068
-4.061122025353,50.3799139611118,74031,E00076357,E06000026,852956.82688,4869.0931859821
-4.03646392824679,50.3830434224201,74032,E00076358,E06000026,77573.99195,2104.61804266245
-4.04938285098707,50.3827193939319,74033,E00076359,E06000026,68912.3088795,1764.22392379844
-4.04122616793227,50.3823664025299,74034,E00076360,E06000026,65297.1268575,1322.35827223993
-4.04084928261073,50.3803511141211,74035,E00076361,E06000026,39873.069255,1176.16486548603
-4.02653147430948,50.3808341190223,74036,E00076362,E06000026,27300.103037,882.49581487533
-4.03043801744776,50.3808654460892,74037,E00076363,E06000026,16680.6320425,598.795378700226
-4.04415363365516,50.3811829315654,74038,E00076364,E06000026,76365.1980635,1713.0648276316
-4.029503023447,50.3799543810917,74039,E00076365,E06000026,27094.3140115,1032.75993855101
-4.03604073975606,50.3794934608789,74040,E00076366,E06000026,27816.670913,884.320901239316
-4.0297038634378,50.3791800410093,74041,E00076367,E06000026,38810.3427385,1224.98326866792
-4.0396282960623,50.3783268205658,74042,E00076368,E06000026,248529.569312,3806.83789047939
-4.06801150904019,50.3976869133695,74043,E00076369,E06000026,163629.1761255,2604.28141508235
-4.07626649172989,50.392511456742,74044,E00076370,E06000026,50541.0036805,1727.95374085709
-4.05794219631761,50.3922751454743,74045,E00076371,E06000026,71384.6444015,1543.51422747215
-4.07450454712957,50.3928761712543,74046,E00076372,E06000026,68973.3771885,1771.69967604663
-4.07108869416628,50.393421328755,74047,E00076373,E06000026,102251.80348,2357.34956948964
-4.06500639395798,50.3927671181881,74048,E00076374,E06000026,94586.0587615,2193.21525285072
-4.05326951729314,50.3934900025787,74049,E00076375,E06000026,112640.15612,2210.61106678058
-4.06867530759288,50.3917416794981,74050,E00076376,E06000026,64508.37005,1912.23401717826
-4.03725332221424,50.3953595029333,74051,E00076377,E06000026,218248.7946245,2265.95072047108
-4.03897556253141,50.3917942194961,74052,E00076378,E06000026,69752.4269775,1487.64614873748
-4.08259950755642,50.3948037984432,74053,E00076379,E06000026,296174.41113,3763.1729822
-4.03581175360973,50.3923903877962,74054,E00076380,E06000026,49288.025493,1053.65477145205
-4.05684491116094,50.3901281965824,74055,E00076381,E06000026,119144.29812,2122.78702115534
-4.04793187285292,50.3910127443655,74056,E00076382,E06000026,47628.694333,956.441123898556
-4.06790848242635,50.3906876870313,74057,E00076383,E06000026,52148.3440905,1083.19114367947
-4.05180854016613,50.3905251689959,74058,E00076384,E06000026,89404.8959,1356.89175399646
-4.06233961162004,50.3906649839411,74059,E00076385,E06000026,86986.92344,1666.70556165088
-4.05028210835176,50.3886115332586,74060,E00076386,E06000026,124340.35139,2005.89655708729
-4.04505074019645,50.3880827248344,74061,E00076387,E06000026,92361.075934,1517.17771995978
-4.05022468149232,50.3987821571368,74062,E00076388,E06000026,94064.6328175,1951.24265950357
-4.04478265814159,50.3997464425107,74063,E00076389,E06000026,263149.2505535,2384.4303860563
-4.07898672670048,50.4024526965637,74064,E00076390,E06000026,1389170.3012795,5320.18229496088
-4.05465559009347,50.3999590638812,74065,E00076391,E06000026,239728.6414735,3057.17470105698
-4.04811492862996,50.3952034700538,74066,E00076392,E06000026,195594.0966985,3097.01856103258
-4.06909060746186,50.3957863258319,74067,E00076393,E06000026,50212.6575965,1621.779593051
-4.06365306441626,50.3942557951831,74068,E00076394,E06000026,122682.536038,2023.4177669771
-4.04364315005058,50.3938663403809,74069,E00076395,E06000026,280518.45071,2444.91621687531
-4.06318137863652,50.3995578992166,74070,E00076396,E06000026,322428.58165,2997.57525210029
-4.07733577707716,50.3949135546306,74071,E00076397,E06000026,45856.3071945,986.68894298458
-4.03232705420756,50.395160253239,74072,E00076398,E06000026,74924.6553985,2347.56588365334
-4.03176495064286,50.3964048159448,74073,E00076399,E06000026,29214.7454095,826.098438316259
-4.05868746723996,50.3961918571125,74074,E00076400,E06000026,44298.7996405,924.067018045018
-4.07632727541556,50.3959533976924,74075,E00076401,E06000026,45161.751246,1336.37413859963
-4.0624484402188,50.3968116833458,74076,E00076402,E06000026,57356.8736425,1263.89501665502
-4.05200347133774,50.3961180229652,74077,E00076403,E06000026,59138.7233135,1653.87855533206
-4.05557129028285,50.3963453225662,74078,E00076404,E06000026,44284.16616,1098.8623927508
-4.07262973120333,50.3954076981954,74079,E00076405,E06000026,45428.25979,1329.37403661802
-4.06024207826682,50.3945496919567,74080,E00076406,E06000026,54126.51251,1498.46586033524
-4.0565108268995,50.3945820750727,74081,E00076407,E06000026,64028.2910035,1960.51253302934
-4.07525098092403,50.3526063179541,74082,E00076408,E06000026,56048.6881245,1280.31073917412
-4.08134655158778,50.351189149901,74083,E00076409,E06000026,43349.14148,1303.5224419386
-4.08634299125327,50.3473836586429,74084,E00076410,E06000026,60847.2111785,1683.14272928297
-4.08205781088996,50.3648243130144,74085,E00076411,E06000026,98191.97326,2074.87372988691
-4.07032758186365,50.3581283942182,74086,E00076412,E06000026,69115.8375455,1756.82038521054
-4.05736992496365,50.35873509196,74087,E00076413,E06000026,273217.5935335,3929.65641992803
-4.07685275638972,50.3616792364351,74088,E00076414,E06000026,57409.2683015,1828.46766952895
-4.07904811344915,50.3631665158899,74089,E00076415,E06000026,61188.2269005,1066.91066492592
-4.08376119155849,50.3620536443377,74090,E00076416,E06000026,69859.56592,1906.027251226
-4.05396916092265,50.3625585161453,74091,E00076417,E06000026,287859.3899945,3000.87733887627
-4.06887294210843,50.3603239434582,74092,E00076418,E06000026,68127.792409,1575.11102577736
-4.06183136813079,50.3703274839253,74093,E00076419,E06000026,1892296.5201425,7648.68326131475
-4.0661053146761,50.3635192743434,74094,E00076420,E06000026,186547.934314,3164.60597837176
-4.06537051055702,50.3598541771215,74095,E00076421,E06000026,91635.6538815,2111.27615065135
-4.07152883287438,50.3613302425361,74096,E00076422,E06000026,64687.6622635,1808.09703651641
-4.07388647288362,50.3602055212724,74097,E00076423,E06000026,71921.924517,1756.66009344617
-4.08076541165448,50.3607669861944,74098,E00076424,E06000026,72468.90284,2212.49378212475
-4.07736492713962,50.3594244171759,74099,E00076425,E06000026,113432.23422,2361.30966340754
-4.08484058879995,50.3594691173865,74100,E00076426,E06000026,63604.1421705,1531.14565544162
-4.08081561348192,50.3582177347691,74101,E00076427,E06000026,59498.8520185,1225.55287328563
-4.07487881378936,50.357039981577,74102,E00076428,E06000026,89276.82768,1938.28477887051
-4.06376706405404,50.3581093427977,74103,E00076429,E06000026,57354.85131,1719.23306127523
-4.06612937661771,50.3566761823035,74104,E00076430,E06000026,90692.62707,1916.74248464206
-4.0839885103167,50.3572413193441,74105,E00076431,E06000026,53365.36586,1508.53280357763
-4.07992406037932,50.3560326544977,74106,E00076432,E06000026,126905.25649,2166.11119385243
-4.07018655393611,50.3560536178373,74107,E00076433,E06000026,65842.024126,1455.88154260807
-4.07163726051557,50.3544508213582,74108,E00076434,E06000026,68835.34087,1655.66493883646
-4.07516154664702,50.3546798107026,74109,E00076435,E06000026,60151.8529705,1366.93195320424
-4.08446576755574,50.3542108535416,74110,E00076436,E06000026,81599.121796,1677.82911995555
-4.08078166976088,50.3532688260178,74111,E00076437,E06000026,134958.726899,2167.00464567275
-4.08815949316156,50.3510568155584,74112,E00076438,E06000026,44603.7171485,1347.26636635902
-4.08316064096367,50.3497717262778,74113,E00076439,E06000026,48058.105108,1446.589410305
-4.07839647815315,50.3516254467466,74114,E00076440,E06000026,35963.1886045,951.565850263968
-4.08559874594502,50.3508943721179,74115,E00076441,E06000026,42529.663279,1277.32654199443
-4.0896693422514,50.3497607247984,74116,E00076442,E06000026,55833.688941,1536.84259678981
-4.09380567406653,50.345709579484,74117,E00076443,E06000026,570423.95536,4950.38050809292
-4.08115069735033,50.3496762394757,74118,E00076444,E06000026,28956.455591,822.883516526916
-4.08684647010859,50.348587172712,74119,E00076445,E06000026,54701.6197195,1267.86297410139
-4.08451920944496,50.3462291999655,74120,E00076446,E06000026,159303.576124,2380.99235146873
-4.07179858743452,50.3648309989455,74121,E00076447,E06000026,253649.7130905,2908.42825013955
-4.07713841050371,50.3671727457116,74122,E00076448,E06000026,345570.5572155,3317.0404413356
-4.08384321505548,50.376460768526,74123,E00076449,E06000026,2845018.09477,10093.5551061664
-4.08922725897504,50.3522499696064,74124,E00076451,E06000026,56691.3247135,1175.98891159831
-4.1103227639996,50.3480442107409,74125,E00076452,E06000026,948020.69917425,6516.27976479956
-4.11777076612152,50.3519527754436,74126,E00076453,E06000026,200599.839217,2640.9122060805
-4.11310279128461,50.3516055565249,74127,E00076454,E06000026,86580.4141105,2053.53314069896
-4.10854320552563,50.3511919796035,74128,E00076455,E06000026,42421.305746,1215.51840460205
-4.09543681318813,50.3505895281724,74129,E00076456,E06000026,128835.0256135,1887.34902413461
-4.09753407829389,50.3700666951634,74130,E00076458,E06000026,1200648.4328885,7550.42793096205
-4.0920841699582,50.365227101217,74131,E00076459,E06000026,77706.4832395,1796.11021851247
-4.08810196413902,50.3629045276743,74132,E00076460,E06000026,166495.8617275,2219.5829620966
-4.09771429868392,50.3642557262687,74133,E00076461,E06000026,43016.161711,1167.33618843941
-4.09302674422588,50.3641306321365,74134,E00076462,E06000026,57942.6006095,1609.32490580511
-4.09894158292196,50.3630224734674,74135,E00076463,E06000026,47677.84242,1201.17428598256
-4.09655944034588,50.3623515879679,74136,E00076464,E06000026,73440.0470745,1982.22533998795
-4.10348043965227,50.360594314654,74137,E00076465,E06000026,108488.9914825,2345.7118834341
-4.12428882400136,50.3565910352381,74138,E00076466,E06000026,333376.8694745,4849.19578976446
-4.10817811117247,50.363170108616,74139,E00076467,E06000026,112461.8003435,1812.50217294638
-4.11304231195888,50.3588805843997,74140,E00076468,E06000026,133163.342234,3293.8106389429
-4.10615938513115,50.3609067178056,74141,E00076469,E06000026,61609.99127,1360.91277013067
-4.10238370680062,50.3630882463088,74142,E00076470,E06000026,149946.95381,3386.51046965772
-4.09384016444933,50.3612510818293,74143,E00076471,E06000026,106240.3989075,2095.07780769926
-4.11704992791933,50.3567096604601,74144,E00076472,E06000026,96302.0946835,2348.12860816394
-4.09438143180025,50.3598980083095,74145,E00076473,E06000026,57601.4286375,1795.23997919623
-4.10706459533085,50.3592032522824,74146,E00076474,E06000026,78269.877387,1987.010966495
-4.10087677713937,50.3583778802153,74147,E00076475,E06000026,102701.2063,1446.63048310458
-4.09651126513343,50.3587331820757,74148,E00076476,E06000026,59111.35535,1785.63807761427
-4.09138758967473,50.3574157614883,74149,E00076477,E06000026,77241.2657325,1900.04417808748
-4.08934675626052,50.3554371093993,74150,E00076478,E06000026,95212.895296,2357.49745876523
-4.10293172777249,50.3550004814403,74151,E00076479,E06000026,172209.6690175,3463.93694616766
-4.0967859686717,50.3561501945636,74152,E00076480,E06000026,81721.35283,1736.63688174088
-4.11590535127895,50.3552678781584,74153,E00076481,E06000026,97556.404666,1923.93247997915
-4.09400665581839,50.3560352488932,74154,E00076482,E06000026,124688.00618,3427.87581878056
-4.11074578356906,50.3543877155568,74155,E00076483,E06000026,101555.3561425,3265.68297062436
-4.10590231140213,50.3528610686487,74156,E00076484,E06000026,74394.6158335,2175.79310273754
-4.08854826423947,50.3538135159806,74157,E00076485,E06000026,65239.18361,1222.43265407121
-4.11021979915105,50.3532523420487,74158,E00076486,E06000026,52782.2345135,1749.09106466411
-4.10173798482493,50.3515798419579,74159,E00076487,E06000026,93509.548672,1402.42192844624
-4.19098083142721,50.3980302497737,74160,E00076488,E06000026,60136.222082,1561.20137756504
-4.18404337760102,50.4076781165001,74161,E00076489,E06000026,47499.16502,1547.5533245939
-4.17758054843871,50.4065609588013,74162,E00076490,E06000026,98263.6049625,1806.9535988884
-4.18919525526532,50.4065427367829,74163,E00076491,E06000026,60507.3215375,1366.51455543356
-4.16797155674577,50.4070897295181,74164,E00076492,E06000026,146527.544823,2087.54859571497
-4.1846474503575,50.406268289512,74165,E00076493,E06000026,29692.6960925,1323.03069907597
-4.19217105205858,50.4059846743894,74166,E00076494,E06000026,48578.1259665,1067.65242730971
-4.19521491259299,50.4062536305951,74167,E00076495,E06000026,80097.972636,1773.07465659693
-4.1805885177692,50.4066697311641,74168,E00076496,E06000026,64136.0153775,1444.63974517771
-4.1825857820422,50.4056687210938,74169,E00076497,E06000026,42184.0207795,1203.80615811444
-4.17598369738074,50.4041301439215,74170,E00076498,E06000026,44608.4435155,986.889748711463
-4.18816013032735,50.4048750352627,74171,E00076499,E06000026,42086.3307305,1247.28577349167
-4.17210215133477,50.4046444864652,74172,E00076500,E06000026,167301.38347,2516.53073582538
-4.19482212709643,50.4037826220019,74173,E00076501,E06000026,67137.1466675,1371.0151026538
-4.19104572996287,50.4041066409431,74174,E00076502,E06000026,62159.54652,1793.37621730929
-4.180123679637,50.4041589292981,74175,E00076503,E06000026,33935.9152455,983.905662009483
-4.18503753176665,50.4047968582886,74176,E00076504,E06000026,25827.883148,742.614074525599
-4.19920799518272,50.4056681827717,74177,E00076505,E06000026,128318.368105,1885.22553879534
-4.17651569530445,50.4030397113386,74178,E00076506,E06000026,45111.0254235,1762.78389414968
-4.18614417401765,50.403224933862,74179,E00076507,E06000026,44240.34729,1078.00022907117
-4.20049207655861,50.4025141684509,74180,E00076508,E06000026,74080.90272,2056.15117687087
-4.18377270107985,50.4037140927512,74181,E00076509,E06000026,41269.9461425,1219.03543039372
-4.1813399217487,50.4032724977789,74182,E00076510,E06000026,36586.9001355,1137.21305096414
-4.18332296613317,50.4017432697433,74183,E00076511,E06000026,36530.62229,1185.07450482339
-4.17993536080238,50.4019532712498,74184,E00076512,E06000026,42723.7762015,1290.97583170747
-4.19664865866375,50.4023911015213,74185,E00076513,E06000026,56623.1959,1707.71838467666
-4.18340787683779,50.4004011910486,74186,E00076514,E06000026,72879.3088085,1780.5640522812
-4.19164835499553,50.401565292977,74187,E00076515,E06000026,27119.1701645,737.089912411141
-4.19446607914045,50.4013293974292,74188,E00076516,E06000026,41982.150134,1248.54836939923
-4.1887872031915,50.4023098678023,74189,E00076517,E06000026,61491.14989,1572.3084856368
-4.18700171349926,50.3999054200857,74190,E00076518,E06000026,65956.8407615,1281.5743225918
-4.19289367164373,50.3998994592857,74191,E00076519,E06000026,76678.1634735,1379.46993056238
-4.19827872816489,50.3973948284796,74192,E00076520,E06000026,440725.3411285,4043.26176432305
-4.19761705684748,50.4007263764383,74193,E00076521,E06000026,53767.1820075,1627.08835995579
-4.18996163817179,50.3998217513088,74194,E00076522,E06000026,38152.596996,1091.80224267367
-4.1883781384957,50.3977565952364,74195,E00076523,E06000026,38293.0606835,1346.57023849064
-4.18689013525621,50.3961305875239,74196,E00076524,E06000026,165308.4001015,2493.70915434731
-4.18940897829517,50.3964352183078,74197,E00076525,E06000026,28619.0475305,881.896682213948
-4.19237029396516,50.3940490725287,74198,E00076526,E06000026,97528.719505,2165.70030124636
-4.1788966655365,50.4104572194011,74199,E00076527,E06000026,83687.682742,2046.93433771514
-4.17993371191772,50.4093224392285,74200,E00076528,E06000026,49611.2086675,1284.63333596022
-4.17186363749794,50.4089847806668,74201,E00076529,E06000026,111247.3408385,1778.27626673414
-4.18516837248842,50.40851341613,74202,E00076530,E06000026,65810.869212,1384.10811005587
-4.17508315062457,50.4088228827436,74203,E00076531,E06000026,103614.2377,2103.79074718701
-4.14364309871021,50.3647999821839,74204,E00076532,E06000026,89108.78571475,2112.56370709091
-4.14752922891361,50.3640466741597,74205,E00076534,E06000026,38647.69134025,1228.16872856415
-4.15356139908561,50.3735602656617,74206,E00076535,E06000026,17149.63318,800.003877704871
-4.15231628257298,50.3728856261225,74207,E00076536,E06000026,17142.8533995,892.786697253242
-4.16096577627826,50.3699333325516,74208,E00076537,E06000026,16518.4951095,725.490403199
-4.15871464018565,50.3630533130584,74209,E00076538,E06000026,146915.5504405,2032.52586468511
-4.15078373639119,50.3530557128572,74210,E00076539,E06000026,76035.304791,5144.60324286889
-4.14700829016201,50.3765484879744,74211,E00076540,E06000026,22747.9384215,799.782488214456
-4.14843829204099,50.3749702047554,74212,E00076541,E06000026,25670.4381,1263.7039425987
-4.14545763071437,50.3761182490609,74213,E00076542,E06000026,20407.7686885,739.462614657386
-4.14594072678164,50.3750947314842,74214,E00076543,E06000026,17931.83582,948.831428433282
-4.15118349430979,50.3760101355521,74215,E00076544,E06000026,55650.540433,1423.77592118825
-4.15692538283837,50.3737545510957,74216,E00076545,E06000026,104290.7273155,1916.72735299292
-4.14409516374944,50.3753573961486,74217,E00076546,E06000026,20881.2382875,707.874214570106
-4.1520107214748,50.3748073676168,74218,E00076547,E06000026,18563.3354425,835.217481245189
-4.14805227713802,50.3745764892848,74219,E00076548,E06000026,13359.720841,579.697899932542
-4.15085012762774,50.3740098560958,74220,E00076549,E06000026,19991.648502,864.313910699698
-4.15449278460825,50.3738783883054,74221,E00076550,E06000026,18684.749066,1012.80167848493
-4.14688627573618,50.3736093283601,74222,E00076551,E06000026,33849.9183345,1189.17994328259
-4.14930936899986,50.373266255898,74223,E00076552,E06000026,25880.011717,832.545631035872
-4.12958198223083,50.372738056767,74224,E00076553,E06000026,74490.293244,1600.49437881391
-4.15521676171112,50.3721288066069,74225,E00076554,E06000026,48031.2924195,1448.66361107182
-4.15078070957557,50.3725046083861,74226,E00076556,E06000026,19092.6844695,959.06456446483
-4.15379199876029,50.3715375724634,74227,E00076557,E06000026,11424.6379145,460.199278150818
-4.14887133784904,50.37112060261,74228,E00076558,E06000026,56967.3183355,1524.43890847003
-4.14228416043685,50.370087537473,74229,E00076559,E06000026,196194.301739,2455.07004472204
-4.15065913063197,50.3716602685128,74230,E00076560,E06000026,15532.72801,890.415182776566
-4.15226410796984,50.3699995017489,74231,E00076561,E06000026,63187.6011825,1599.81113958696
-4.15814572661982,50.3705182136997,74232,E00076563,E06000026,21542.4327815,744.010844539398
-4.13083618533446,50.371043215727,74233,E00076564,E06000026,59050.0561405,1540.74613024929
-4.16007551137542,50.3710081340468,74234,E00076565,E06000026,45817.665473,1344.2108691467
-4.15542971588002,50.3706041574805,74235,E00076566,E06000026,31920.2725975,1258.15631603551
-4.16230184515374,50.369627285392,74236,E00076567,E06000026,48200.292672,1567.46580374261
-4.13512988704759,50.36923904921,74237,E00076568,E06000026,25765.215522,981.331023332324
-4.13797656822742,50.3689643041664,74238,E00076569,E06000026,30909.308462,1505.66133639893
-4.13638908640406,50.368787171156,74239,E00076571,E06000026,11191.9706485,704.534082664844
-4.16232284183336,50.366928745338,74240,E00076572,E06000026,109611.79036,2578.4472066428
-4.13791162097202,50.3674938436978,74241,E00076573,E06000026,31289.0981025,1470.77216474898
-4.13530072939421,50.3672371626643,74242,E00076574,E06000026,23745.86301,940.70831068833
-4.14343840151995,50.3729100853449,74243,E00076575,E06000026,156912.5766295,2168.42508236282
-4.1400454214795,50.368105160821,74244,E00076577,E06000026,26257.7565095,831.547589207515
-4.15256174286168,50.3657943759678,74245,E00076578,E06000026,193930.29280175,4851.0748348782
-4.14316891341245,50.3674375617174,74246,E00076579,E06000026,46474.045424,1516.30054236267
-4.1467824388485,50.3665414326874,74247,E00076580,E06000026,19175.701947,1019.73811414639
-4.14490736116877,50.3663144681852,74248,E00076581,E06000026,8762.7516735,494.283819784131
-4.16255399745475,50.3656052013162,74249,E00076582,E06000026,31117.1338365,1140.20908779762
-4.13814944206654,50.3650889243219,74250,E00076583,E06000026,226549.22646125,2886.7667713776
-4.14976553749061,50.365171777445,74251,E00076584,E06000026,22246.369391,905.794117988001
-4.16149387001796,50.3640718982516,74252,E00076585,E06000026,11473.01203,520.098350786018
-4.15920151148701,50.4297855016115,74253,E00076588,E06000026,305212.8992335,3030.07444312655
-4.13189382469328,50.4289675300872,74254,E00076589,E06000026,71436.49784,1594.23614288799
-4.135532859379,50.4272383821148,74255,E00076590,E06000026,71298.0688935,1734.71589832141
-4.13584371171994,50.4287644948896,74256,E00076591,E06000026,56156.4375295,1874.7958691288
-4.14221772006583,50.4286545650987,74257,E00076592,E06000026,74602.63003,1590.62318632926
-4.13782261190826,50.430539650619,74258,E00076593,E06000026,38667.46056,908.631184425536
-4.11550564541578,50.4265673310374,74259,E00076594,E06000026,72512.574565,1547.39968503574
-4.12957357182202,50.4305620308239,74260,E00076595,E06000026,40304.2370355,1052.40528375992
-4.11839328197616,50.4292007803843,74261,E00076596,E06000026,77787.461798,1775.45549114744
-4.12279284211678,50.4284077759596,74262,E00076597,E06000026,213954.94984,3173.55282342135
-4.12713645614878,50.4287751720103,74263,E00076598,E06000026,56981.5832525,1645.64377407413
-4.12507860889711,50.4277660699139,74264,E00076599,E06000026,51557.1513,1543.98466214015
-4.14509601769009,50.4305236363614,74265,E00076600,E06000026,455762.9617605,5937.86615206301
-4.13012279903427,50.4272090481546,74266,E00076601,E06000026,99347.6955685,1533.51792948273
-4.14534073995009,50.427477184057,74267,E00076602,E06000026,59845.2679925,1795.04156899349
-4.13938991332052,50.4271311807945,74268,E00076603,E06000026,98108.97798,1795.30080482337
-4.14823123760312,50.4271026684094,74269,E00076604,E06000026,100391.541555,1879.62575236532
-4.13751517884555,50.4246881463106,74270,E00076605,E06000026,122960.53865,2208.61548194771
-4.14311676108291,50.4260919444639,74271,E00076606,E06000026,43920.840832,1109.54334237835
-4.11718459647469,50.4257570064571,74272,E00076607,E06000026,102394.2466045,2230.91628694851
-4.14646454873558,50.4242626844213,74273,E00076608,E06000026,107313.0387265,2504.05559150032
-4.14319453408979,50.4247485054614,74274,E00076609,E06000026,46852.5786625,1572.76264435205
-4.14037922293029,50.4226650111801,74275,E00076610,E06000026,54758.623886,1073.96830255869
-4.1103497670469,50.437774280376,74276,E00076611,E06000026,50445.2312295,1384.2857380509
-4.1142685413027,50.4381706673675,74277,E00076612,E06000026,92265.433,2075.8640992206
-4.15291719571925,50.435703790206,74278,E00076613,E06000026,54401.41816,1258.11279458805
-4.11479786650609,50.4303626898235,74279,E00076614,E06000026,190815.135114,1983.5473213362
-4.11641827824162,50.4357548744255,74280,E00076615,E06000026,63415.8056545,1246.6904125004
-4.1324358361701,50.4314962352079,74281,E00076616,E06000026,25361.1337285,1290.30272224244
-4.11209225953579,50.4346473487784,74282,E00076617,E06000026,101000.15873,2092.76345237247
-4.15358745963801,50.434335009853,74283,E00076618,E06000026,62992.873589,1541.21812663947
-4.11571179949748,50.4337647883793,74284,E00076619,E06000026,53012.9056185,1263.67576894041
-4.15117620362133,50.4323893114154,74285,E00076620,E06000026,51376.7450865,1142.92795195454
-4.15452633620225,50.4325354011905,74286,E00076621,E06000026,60294.75296,1283.55222436245
-4.15399809618606,50.4290385503644,74287,E00076622,E06000026,81786.6249805,2098.78686780487
-4.12854363956834,50.4331831348363,74288,E00076623,E06000026,138412.08442,2184.8414343045
-4.12609431186834,50.4315354256915,74289,E00076624,E06000026,65626.982627,1627.3699986183
-4.13396477411371,50.4306868152909,74290,E00076625,E06000026,40769.9021,1484.65257205485
-4.1403049037336,50.4299232256051,74291,E00076626,E06000026,44059.37114,1360.56743365595
-4.16402981666437,50.3840570605047,74292,E00076627,E06000026,29564.66022,1069.9381752098
-4.15658959658385,50.375719499257,74293,E00076628,E06000026,27509.912569,816.259947218648
-4.16823533481683,50.3756896124545,74294,E00076629,E06000026,43934.334793,1425.92374849749
-4.16499563086297,50.3730275926397,74295,E00076630,E06000026,214151.0696965,2600.20393753447
-4.16026412743721,50.374126664457,74296,E00076631,E06000026,70713.384055,1505.8937535428
-4.16519487211552,50.3764648493487,74297,E00076632,E06000026,71572.70017,1810.222245919
-4.16160007742784,50.3764451937254,74298,E00076633,E06000026,75336.09772,1735.16171164235
-4.16729690032422,50.3875299285887,74299,E00076634,E06000026,53094.274641,1469.02044580639
-4.17006419322806,50.387321307438,74300,E00076635,E06000026,33985.0512985,906.213446481765
-4.16687639642049,50.3863902150485,74301,E00076636,E06000026,35771.6270055,1334.48916248704
-4.16170702506038,50.3860820846616,74302,E00076637,E06000026,52195.04932,1212.70057041976
-4.17188037527469,50.385691360135,74303,E00076638,E06000026,34701.332578,1127.49583460483
-4.16471096528344,50.3864592506478,74304,E00076639,E06000026,36564.0614955,1398.14944035712
-4.17079650582174,50.3846709724628,74305,E00076640,E06000026,35114.1770505,1028.37780843669
-4.16160651262614,50.3849725595715,74306,E00076641,E06000026,26491.1833675,830.234202976379
-4.16838764311905,50.3846704245234,74307,E00076642,E06000026,26073.8256555,997.21543151842
-4.16527548408654,50.3846861107107,74308,E00076643,E06000026,23219.69811,638.939974071802
-4.16668393528908,50.3838336495279,74309,E00076644,E06000026,26329.1010305,1350.13390924573
-4.15898345635441,50.3845062975629,74310,E00076645,E06000026,87157.5900825,1630.06304152958
-4.1695916756735,50.3836717699871,74311,E00076646,E06000026,19633.9197835,715.327431506728
-4.16726459658559,50.3833805155109,74312,E00076647,E06000026,22524.2236075,678.487163431533
-4.1547762933447,50.3820135610995,74313,E00076648,E06000026,108570.0592635,1748.01515360649
-4.17221379973586,50.3835334299296,74314,E00076649,E06000026,28590.682054,955.283119846783
-4.16079112090717,50.3822918138179,74315,E00076650,E06000026,100864.02286,1605.0775830798
-4.17057338737408,50.3824550320337,74316,E00076651,E06000026,37667.5511845,1448.13164686984
-4.16474662613632,50.3825221448855,74317,E00076652,E06000026,22665.621252,992.27415332371
-4.16390773500834,50.3809996479767,74318,E00076653,E06000026,32825.62088,1043.32344586604
-4.16602064203549,50.3803025400553,74319,E00076654,E06000026,30858.6256665,1091.05440689099
-4.16796637184049,50.381262299202,74320,E00076655,E06000026,50794.3121745,1590.2346456002
-4.16861540704063,50.3799027461263,74321,E00076656,E06000026,25285.871049,859.306193959158
-4.16087582677785,50.3790130474303,74322,E00076657,E06000026,105310.2507395,1830.8433287623
-4.1557001052118,50.3792458199134,74323,E00076658,E06000026,30881.101631,873.91755038798
-4.15698708838568,50.380213002521,74324,E00076659,E06000026,113066.09639,2279.12506760237
-4.15000627473534,50.3787903933897,74325,E00076660,E06000026,37684.9681295,1308.76968387531
-4.16522934503373,50.3788028370972,74326,E00076661,E06000026,66255.1150595,1811.07744856389
-4.15172904298247,50.3787212449791,74327,E00076663,E06000026,35474.8801245,867.362231724054
-4.17085004445485,50.3783125078735,74328,E00076664,E06000026,43592.49993,1081.83750940035
-4.16786790422607,50.3778858178578,74329,E00076665,E06000026,37988.04111,1248.5030232869
-4.15576437684656,50.3776988512035,74330,E00076666,E06000026,33596.897231,1038.07059838494
-4.17003421846078,50.3768918946711,74331,E00076667,E06000026,25567.7980435,759.405171913087
-4.15224491651833,50.3775147707854,74332,E00076668,E06000026,37409.8862535,898.720707909253
-4.15851792514969,50.3765600138078,74333,E00076669,E06000026,33717.826887,804.751713436817
-4.15465774304956,50.3767342135756,74334,E00076670,E06000026,32584.18913,1072.76277304483
-4.12386148437737,50.3774347740951,74335,E00076671,E06000026,17379.2923255,599.588893296773
-4.12702072725578,50.3658502485457,74336,E00076672,E06000026,235224.35034725,5075.91458152263
-4.12231711473343,50.3781358921348,74337,E00076673,E06000026,22460.061482,913.936529165023
-4.12737456976097,50.3778407227191,74338,E00076674,E06000026,69251.6775455,1726.67804808966
-4.1280640491636,50.3751022408163,74339,E00076675,E06000026,30126.253915,1143.01285192026
-4.12174622720734,50.3771342331674,74340,E00076676,E06000026,17740.359538,675.897902600265
-4.11943763137714,50.3773767890941,74341,E00076677,E06000026,23251.78617,832.876992880723
-4.11726792563385,50.3772762051471,74342,E00076678,E06000026,29908.90814,1068.66932048759
-4.11133874657111,50.379366071946,74343,E00076679,E06000026,39316.665863,1129.1138567007
-4.12299986063443,50.3763008035241,74344,E00076680,E06000026,20067.0437535,808.569578767717
-4.1132823467089,50.375995938838,74345,E00076681,E06000026,43040.627711,1023.87281944228
-4.1169894259027,50.3752454483174,74346,E00076682,E06000026,27916.13529,711.010610100852
-4.12487393397045,50.3764624629739,74347,E00076683,E06000026,19631.5958525,826.426779957601
-4.11982753689453,50.3754425351476,74348,E00076684,E06000026,23347.9521765,842.996843615505
-4.11822287661269,50.3762337375054,74349,E00076685,E06000026,18556.7499315,714.009184106518
-4.11593798685463,50.3747250147013,74350,E00076686,E06000026,43046.0366775,1731.35700489057
-4.12142651276222,50.3755502067054,74351,E00076687,E06000026,18447.698537,664.625703491678
-4.1168756035383,50.3653699581594,74352,E00076688,E06000026,510409.9954005,3808.95337585006
-4.1256194716403,50.3753813362274,74353,E00076689,E06000026,21188.1336345,727.940674191739
-4.12707790803276,50.3732584102134,74354,E00076690,E06000026,34608.5192955,1289.74740791589
-4.12671058585103,50.3743888182514,74355,E00076691,E06000026,26506.0741345,1030.96981439098
-4.12039128134958,50.3738672180773,74356,E00076692,E06000026,59337.781709,1147.87866717395
-4.12335091713817,50.3747947881503,74357,E00076693,E06000026,29277.9147395,874.865174449316
-4.11270372522861,50.3742091082704,74358,E00076694,E06000026,97365.1370765,1767.92077039849
-4.12509986716423,50.3735685872405,74359,E00076695,E06000026,19206.4886565,720.152382720106
-4.11650845552242,50.3725758300996,74360,E00076696,E06000026,50324.23409,1454.05153381886
-4.12329866599452,50.3725816986836,74361,E00076697,E06000026,28480.3488765,813.42454845893
-4.12725228290082,50.3701054367265,74362,E00076698,E06000026,152611.2601295,4231.78692932318
-4.12018196221702,50.3725229787459,74363,E00076699,E06000026,34778.00644,1026.38797527388
-4.11818460724504,50.3717712635102,74364,E00076700,E06000026,22040.734538,763.882114435691
-4.11549296142204,50.3712370899012,74365,E00076701,E06000026,27886.77384,1341.64700107709
-4.12205762933888,50.3715020457072,74366,E00076702,E06000026,24884.79986,916.295869995026
-4.12047900146605,50.3707692563346,74367,E00076703,E06000026,16235.035795,954.737291263663
-4.12283875917087,50.3706544816445,74368,E00076704,E06000026,19392.8242485,783.225157184307
-4.11093982951817,50.372936054712,74369,E00076705,E06000026,268400.7037,4548.6996978005
-4.12056675786094,50.3699626278644,74370,E00076706,E06000026,19786.8881225,694.671875944138
-4.12092968104343,50.3681999871508,74371,E00076707,E06000026,28056.8350885,1394.04614320049
-4.11774956583254,50.3703284578201,74372,E00076708,E06000026,17574.6390595,742.066243543361
-4.12312421288836,50.3682009020115,74373,E00076709,E06000026,106810.0547835,2248.54224457287
-4.11931246691604,50.3683146395913,74374,E00076710,E06000026,40978.6382085,1098.50813313978
-4.11868109324744,50.3674392390553,74375,E00076711,E06000026,22399.36961,937.212278227159
-4.11362260683154,50.3782064264588,74376,E00076712,E06000026,101643.60051,1732.75493179885
-4.10933924926633,50.3775123746075,74377,E00076713,E06000026,78570.8201205,1548.28153530629
-4.12251889306494,50.3790109918792,74378,E00076714,E06000026,29086.6507225,861.958510127632
-4.11830621508419,50.3791662302822,74379,E00076715,E06000026,24683.9969445,897.33980394293
-4.11804062381104,50.3783382206382,74380,E00076716,E06000026,30387.22702,1084.18293693245
-4.08723415465368,50.4262031976145,99113,E00102009,E07000044,1644547.65732,9438.85213049522
-4.13939083176639,50.4355721016339,99116,E00102012,E07000044,20026147.4471635,38258.1604253097
-4.10836125445388,50.4386442618933,99118,E00102014,E07000044,147749.52453,3750.21235528788
-4.10746077564658,50.4315963691965,99123,E00102019,E07000044,121267.6781315,1960.19698625721
-4.09619154943406,50.4285475363641,99124,E00102020,E07000044,239715.8086685,3422.37140275544
-4.08273123251236,50.4234253430911,99127,E00102023,E07000044,11657419.0309485,22496.6974355324
-4.02308534736386,50.3850752850326,99141,E00102037,E07000044,12081709.6555,22244.5255875255
-4.05543084306966,50.4030914924179,99142,E00102038,E07000044,14981182.5957,24771.6191052907
-4.09177600012956,50.3424415296917,99352,E00102249,E07000044,6320558.71601075,16285.9038685771
-4.07731549510169,50.3494875510459,161510,E00165893,E07000044,2533770.1593845,8061.52528503941
-4.05230525200432,50.3656210936036,161511,E00165894,E07000044,9893243.831698,25202.3996422475
-4.08917251026444,50.3593216257908,167014,E00172039,E06000026,86684.45221,1699.16183426465
-4.08658971372873,50.3579173810358,167015,E00172040,E06000026,41729.5340755,1219.60551450368
-4.10606831719099,50.4019963236204,167016,E00172041,E06000026,35486.1734965,1223.70569974831
-4.11135734288494,50.4389044445162,167017,E00172042,E06000026,46251.5364345,1540.82950141495
-4.14212710971803,50.4062099114588,167018,E00172043,E06000026,57253.4333315,1316.75865930359
-4.14453102170007,50.4089907280613,167019,E00172044,E06000026,75485.006978,1392.37360350489
-4.1443618228739,50.4068420929172,167020,E00172045,E06000026,78071.7995915,2226.06978445293
-4.11856968862024,50.4327182594697,167021,E00172046,E06000026,63448.863314,1588.54995938849
-4.1206624102105,50.4374223914815,167022,E00172047,E06000026,491041.19462,3740.75020744759
-4.12170877659871,50.4323137028707,167023,E00172048,E06000026,65705.438836,1331.86845617975
-4.13363013601432,50.3741557592744,167024,E00172049,E06000026,6530.512512,457.974963362538
-4.13573473242884,50.3741474848839,167025,E00172050,E06000026,29064.308172,1325.87771446136
-4.1333941986386,50.3736137215886,167026,E00172051,E06000026,3833.08817,361.377771224641
-4.13336331850008,50.3712022224519,167027,E00172052,E06000026,11309.5593805,582.28806383577
-4.1501791970178,50.3685393140307,167028,E00172053,E06000026,138749.5706705,2489.45299465589
-4.13426715146788,50.3730474646656,167029,E00172054,E06000026,13428.2172845,658.190404596051
-4.13473489633022,50.3726377044678,167030,E00172055,E06000026,5859.7830545,418.972817205805
-4.13681844105909,50.3716573418026,167031,E00172056,E06000026,117352.6180265,1889.90406471614
-4.14677279211436,50.3677632255924,167032,E00172057,E06000026,28815.4574275,968.497263332486
-4.14128226324279,50.3767169437654,167033,E00172058,E06000026,57609.8436755,1806.93212898039
-4.14038730397536,50.3775565757281,167034,E00172059,E06000026,12010.713545,577.537280461243
-4.17587173975525,50.3689300034865,167035,E00172060,E06000026,37707.88766,1020.64915036704
-4.1573973527986,50.3689331603836,167036,E00172061,E06000026,92448.24482,2112.84499207637
-4.15472917390066,50.3684910062662,167037,E00172062,E06000026,10388.450874,462.765824509303
-4.15831507210825,50.3671569858387,167038,E00172063,E06000026,46351.6860085,1498.36484784738
-4.16350134189552,50.3614473122206,167039,E00172064,E06000026,93084.180548,2129.96572323958
-4.13236589577741,50.3723105162469,167040,E00172065,E06000026,22239.2181915,732.888429114559
-4.14566774405067,50.3779375618859,167041,E00172066,E06000026,17272.361324,580.445944028052
-4.14781582002247,50.3784567218649,167042,E00172067,E06000026,64302.844621,1637.46842673155
-4.0963123113555,50.3525208968498,167043,E00172068,E06000026,108818.00035,1867.26430764319
-4.13458822342518,50.370724359966,167044,E00172069,E06000026,9993.0903545,478.005324930851
-4.12449098670855,50.4073870103234,167045,E00172070,E06000026,160286.9119315,1978.53392371922
-4.09599104471684,50.3538096147212,167046,E00172071,E06000026,65226.62777,2227.50450574522
-4.11668553318798,50.416296951602,167047,E00172072,E06000026,1196299.07374,5282.24600544412
-4.04082256451177,50.3795051192125,167048,E00172073,E06000026,20790.2030215,919.354811517951
-4.08692800371459,50.359936099011,167049,E00172074,E06000026,6132.6895895,319.056413812117
-4.03032241362124,50.3817417268908,167050,E00172075,E06000026,48930.4975,2160.29616980312
-4.03583859072515,50.3799193387331,167051,E00172076,E06000026,68795.866454,2088.49081959767
-4.16562963810101,50.3613742032991,167052,E00172077,E06000026,46239.15794875,1362.97798636781
-4.14009388323316,50.4065452549123,167053,E00172078,E06000026,65445.392697,1760.66434905257
-4.10876771835635,50.4236033842873,167054,E00172079,E06000026,360583.2993515,2961.64717777404
-4.10161680981571,50.4245803007744,167055,E00172080,E06000026,173384.49662,2583.2337917594
-4.09064614422458,50.4230395810894,167056,E00172081,E06000026,1118524.7576115,6708.89117740093
-4.10094163728355,50.4248304703837,167057,E00172082,E06000026,1251.251864,156.065623102699
-4.11389679105781,50.4416881292749,167058,E00172083,E06000026,192846.3368755,2172.79908363795
-4.11181076788882,50.4045496080456,167059,E00172084,E06000026,115955.4637775,2300.4907659927
-4.13096212447151,50.4090072941961,167060,E00172085,E06000026,84380.5616245,1519.89779904937
-4.11072881353948,50.4054834750367,167061,E00172086,E06000026,29022.75367,822.046640065423
